eyJhbGciOiJIUzI1NiJ9.eyJzdWIiOiIyYjU2OWVmNi05ZTE4LTQxNDUtYTQ1Zi00Y2M5Zjk4NjcyODAiLCJ1c2VySWQiOiIyYjU2OWVmNi05ZTE4LTQxNDUtYTQ1Zi00Y2M5Zjk4NjcyODAiLCJlbWFpbCI6IjFAZ21haWwuY29tIiwicm9sZSI6IkFUVEVOREVFIiwiaWF0IjoxNzc4NzQ4OTE3LCJleHAiOjE3Nzg4MzUzMTd9.y79xUFoaJn4KE99WTPrOyiktuk1E7SNQOvecF-ReqQk,1,Sinh Vien Test 1
eyJhbGciOiJIUzI1NiJ9.eyJzdWIiOiIxYzgxNWZhMy1mOTkxLTQyNjgtODE5Zi02ZjBlYmM3MGQ2YjAiLCJ1c2VySWQiOiIxYzgxNWZhMy1mOTkxLTQyNjgtODE5Zi02ZjBlYmM3MGQ2YjAiLCJlbWFpbCI6IjJAZ21haWwuY29tIiwicm9sZSI6IkFUVEVOREVFIiwiaWF0IjoxNzc4NzQ4OTE3LCJleHAiOjE3Nzg4MzUzMTd9.dT3ortSOeEMH3-bNOB7cTvQfWfaEmiGQ9evxh4snVIc,2,Sinh Vien Test 2
eyJhbGciOiJIUzI1NiJ9.eyJzdWIiOiI2ODE4Y2IzYi03MjgxLTRiYjgtYWMyMS1kMzJmYjYxNjA3Y2EiLCJ1c2VySWQiOiI2ODE4Y2IzYi03MjgxLTRiYjgtYWMyMS1kMzJmYjYxNjA3Y2EiLCJlbWFpbCI6IjNAZ21haWwuY29tIiwicm9sZSI6IkFUVEVOREVFIiwiaWF0IjoxNzc4NzQ4OTE3LCJleHAiOjE3Nzg4MzUzMTd9.dwdYQFCvhflOTD-9SnoWOQ08a5H0YQ44d0nbFF88rJk,3,Sinh Vien Test 3
eyJhbGciOiJIUzI1NiJ9.eyJzdWIiOiI0Yzg2OTRlMi03ZWJlLTRhMGQtYjI5Ni1jMGFlYTE0NDNlYjYiLCJ1c2VySWQiOiI0Yzg2OTRlMi03ZWJlLTRhMGQtYjI5Ni1jMGFlYTE0NDNlYjYiLCJlbWFpbCI6IjRAZ21haWwuY29tIiwicm9sZSI6IkFUVEVOREVFIiwiaWF0IjoxNzc4NzQ4OTE3LCJleHAiOjE3Nzg4MzUzMTd9.0XbDkj7m3m1h2YaZ-5Ah3z_rsh8QRuTR7XIvHMYuBfc,4,Sinh Vien Test 4
eyJhbGciOiJIUzI1NiJ9.eyJzdWIiOiIxZWQ2NTE3ZC02YmZiLTQ2MzYtYTM5NS1hOWI1ZTNkYWIxODciLCJ1c2VySWQiOiIxZWQ2NTE3ZC02YmZiLTQ2MzYtYTM5NS1hOWI1ZTNkYWIxODciLCJlbWFpbCI6IjVAZ21haWwuY29tIiwicm9sZSI6IkFUVEVOREVFIiwiaWF0IjoxNzc4NzQ4OTE3LCJleHAiOjE3Nzg4MzUzMTd9.7pPBpi_5B0n9UAmgzUtikVtWJm-lJI5sHRMGsQOD4d4,5,Sinh Vien Test 5
eyJhbGciOiJIUzI1NiJ9.eyJzdWIiOiJmNGM2MGQ1OC01NjZiLTQ5MzAtYTQzOS0yMzM1YTE5YWQzMWYiLCJ1c2VySWQiOiJmNGM2MGQ1OC01NjZiLTQ5MzAtYTQzOS0yMzM1YTE5YWQzMWYiLCJlbWFpbCI6IjZAZ21haWwuY29tIiwicm9sZSI6IkFUVEVOREVFIiwiaWF0IjoxNzc4NzQ4OTE3LCJleHAiOjE3Nzg4MzUzMTd9.XkJ7IFthlaqeblQYQLHwWYi5gdxD37sA6rOaT_gdvsk,6,Sinh Vien Test 6
eyJhbGciOiJIUzI1NiJ9.eyJzdWIiOiJmNTkxNTZhZS02MmZhLTQ4ZmEtYjEyZC1iOGI3NzU3YzFlY2EiLCJ1c2VySWQiOiJmNTkxNTZhZS02MmZhLTQ4ZmEtYjEyZC1iOGI3NzU3YzFlY2EiLCJlbWFpbCI6IjdAZ21haWwuY29tIiwicm9sZSI6IkFUVEVOREVFIiwiaWF0IjoxNzc4NzQ4OTE3LCJleHAiOjE3Nzg4MzUzMTd9.JPptnmXbnjP1PmIoaU1cNlN9FlB59Xp2MmjgNfUXeks,7,Sinh Vien Test 7
eyJhbGciOiJIUzI1NiJ9.eyJzdWIiOiIwNmI0MzY3Ny1hMzg5LTRkNjQtOTJmMC0zM2Y3MWJiZTcwODIiLCJ1c2VySWQiOiIwNmI0MzY3Ny1hMzg5LTRkNjQtOTJmMC0zM2Y3MWJiZTcwODIiLCJlbWFpbCI6IjhAZ21haWwuY29tIiwicm9sZSI6IkFUVEVOREVFIiwiaWF0IjoxNzc4NzQ4OTE3LCJleHAiOjE3Nzg4MzUzMTd9.sKA3jjArQ9lgnHy5u4Vult0S6SsbYCYkHBjYpNSA7oM,8,Sinh Vien Test 8
eyJhbGciOiJIUzI1NiJ9.eyJzdWIiOiJhYjk2NmM5Mi1mMjI5LTQ4MmItOTQzYy1iMTYwNDQ0YmFlOTciLCJ1c2VySWQiOiJhYjk2NmM5Mi1mMjI5LTQ4MmItOTQzYy1iMTYwNDQ0YmFlOTciLCJlbWFpbCI6IjlAZ21haWwuY29tIiwicm9sZSI6IkFUVEVOREVFIiwiaWF0IjoxNzc4NzQ4OTE3LCJleHAiOjE3Nzg4MzUzMTd9.52Y16tvxcIL-o3PAEj9GWtYigvS5-V25cyVrQ8QdevM,9,Sinh Vien Test 9
eyJhbGciOiJIUzI1NiJ9.eyJzdWIiOiJiNTRjMDZlZC00YWNlLTQ4M2ItOTg4Ny0wNDY5YTQ3MzVmMzgiLCJ1c2VySWQiOiJiNTRjMDZlZC00YWNlLTQ4M2ItOTg4Ny0wNDY5YTQ3MzVmMzgiLCJlbWFpbCI6IjEwQGdtYWlsLmNvbSIsInJvbGUiOiJBVFRFTkRFRSIsImlhdCI6MTc3ODc0ODkxNywiZXhwIjoxNzc4ODM1MzE3fQ.AFvlwzjeLxG4lc3xLwFRsPVXiBoHrtW2MUU3wt7LSxs,10,Sinh Vien Test 10
eyJhbGciOiJIUzI1NiJ9.eyJzdWIiOiIzYzY4NmNkNy0wZjkwLTRmNzQtOGFiMi1mZmUxMWJjNjIwNjEiLCJ1c2VySWQiOiIzYzY4NmNkNy0wZjkwLTRmNzQtOGFiMi1mZmUxMWJjNjIwNjEiLCJlbWFpbCI6IjExQGdtYWlsLmNvbSIsInJvbGUiOiJBVFRFTkRFRSIsImlhdCI6MTc3ODc0ODkxNywiZXhwIjoxNzc4ODM1MzE3fQ.BlJDwoZrgQ-M90jfWuQHKekD61rou2kuKI9t7vk2ryo,11,Sinh Vien Test 11
eyJhbGciOiJIUzI1NiJ9.eyJzdWIiOiJhNzg5NDFhNS0zOWUyLTQ0NDQtOWQzZS1iZGIxNTFmMDcxYzUiLCJ1c2VySWQiOiJhNzg5NDFhNS0zOWUyLTQ0NDQtOWQzZS1iZGIxNTFmMDcxYzUiLCJlbWFpbCI6IjEyQGdtYWlsLmNvbSIsInJvbGUiOiJBVFRFTkRFRSIsImlhdCI6MTc3ODc0ODkxNywiZXhwIjoxNzc4ODM1MzE3fQ.SGL_m4X6XcsYDuSYg-d3AG5vOpiu_XUm0qrfLZuM6TM,12,Sinh Vien Test 12
eyJhbGciOiJIUzI1NiJ9.eyJzdWIiOiIxMTgwOTk2Ni0xMTQ0LTQzODAtOTFmZC1jZTQ5ZDk4MDY4ZmUiLCJ1c2VySWQiOiIxMTgwOTk2Ni0xMTQ0LTQzODAtOTFmZC1jZTQ5ZDk4MDY4ZmUiLCJlbWFpbCI6IjEzQGdtYWlsLmNvbSIsInJvbGUiOiJBVFRFTkRFRSIsImlhdCI6MTc3ODc0ODkxNywiZXhwIjoxNzc4ODM1MzE3fQ.yRuVZtK0F_ZlNmrUxx9irV21Sohdcv-HcPUzWqGP8NY,13,Sinh Vien Test 13
eyJhbGciOiJIUzI1NiJ9.eyJzdWIiOiJjODAwZWQxNS01YWQzLTQ4NTctOGMwZS0wNTdjNjRiZmY5Y2IiLCJ1c2VySWQiOiJjODAwZWQxNS01YWQzLTQ4NTctOGMwZS0wNTdjNjRiZmY5Y2IiLCJlbWFpbCI6IjE0QGdtYWlsLmNvbSIsInJvbGUiOiJBVFRFTkRFRSIsImlhdCI6MTc3ODc0ODkxNywiZXhwIjoxNzc4ODM1MzE3fQ.kyCbhS_i2tKCGjDP7eVBIo_lodIiNNtruRknCs6go4w,14,Sinh Vien Test 14
eyJhbGciOiJIUzI1NiJ9.eyJzdWIiOiJiNTVhOWQyNy1jMTQ2LTRlNWMtOWY5NS03NDJlOTAwOTVjY2UiLCJ1c2VySWQiOiJiNTVhOWQyNy1jMTQ2LTRlNWMtOWY5NS03NDJlOTAwOTVjY2UiLCJlbWFpbCI6IjE1QGdtYWlsLmNvbSIsInJvbGUiOiJBVFRFTkRFRSIsImlhdCI6MTc3ODc0ODkxNywiZXhwIjoxNzc4ODM1MzE3fQ.dcn5W2WolZ1zVagcpd168DuMQpy8OsXleRw67PUsCWI,15,Sinh Vien Test 15
eyJhbGciOiJIUzI1NiJ9.eyJzdWIiOiI0NmZmZGRmNC1hMDIwLTRkOGItYTNhYy0xNWJkMjlhYzc1Y2YiLCJ1c2VySWQiOiI0NmZmZGRmNC1hMDIwLTRkOGItYTNhYy0xNWJkMjlhYzc1Y2YiLCJlbWFpbCI6IjE2QGdtYWlsLmNvbSIsInJvbGUiOiJBVFRFTkRFRSIsImlhdCI6MTc3ODc0ODkxNywiZXhwIjoxNzc4ODM1MzE3fQ.6Hznrx_NofJYujsJTg2IeQvtOAENWBAI24LQPnX7SQQ,16,Sinh Vien Test 16
eyJhbGciOiJIUzI1NiJ9.eyJzdWIiOiIyNDUzYzBiMC0wMmY1LTRjMzctOWNlNi01Yzk1ODM1ZTMyNmYiLCJ1c2VySWQiOiIyNDUzYzBiMC0wMmY1LTRjMzctOWNlNi01Yzk1ODM1ZTMyNmYiLCJlbWFpbCI6IjE3QGdtYWlsLmNvbSIsInJvbGUiOiJBVFRFTkRFRSIsImlhdCI6MTc3ODc0ODkxNywiZXhwIjoxNzc4ODM1MzE3fQ.RUk5GX-8pxILh7FriKhZ_B2jqSq6e8ii1WJlalFL8pA,17,Sinh Vien Test 17
eyJhbGciOiJIUzI1NiJ9.eyJzdWIiOiJiZTNjZDliZS02ZTk2LTRhNjQtYTA5ZC00NTg3YjBjNzY0NWMiLCJ1c2VySWQiOiJiZTNjZDliZS02ZTk2LTRhNjQtYTA5ZC00NTg3YjBjNzY0NWMiLCJlbWFpbCI6IjE4QGdtYWlsLmNvbSIsInJvbGUiOiJBVFRFTkRFRSIsImlhdCI6MTc3ODc0ODkxNywiZXhwIjoxNzc4ODM1MzE3fQ.Jc_Y1ACGAzrNZOL35tWSLsP02vtw2OKkj4NcvqY3FR8,18,Sinh Vien Test 18
eyJhbGciOiJIUzI1NiJ9.eyJzdWIiOiJlNWYyMzNhMy0zOWFjLTRiZGEtOGM5OS1jNTliYzQ5OWNmODIiLCJ1c2VySWQiOiJlNWYyMzNhMy0zOWFjLTRiZGEtOGM5OS1jNTliYzQ5OWNmODIiLCJlbWFpbCI6IjE5QGdtYWlsLmNvbSIsInJvbGUiOiJBVFRFTkRFRSIsImlhdCI6MTc3ODc0ODkxNywiZXhwIjoxNzc4ODM1MzE3fQ.XcKQ48ubdgDDzQD4VrBn7q9VXQEqblGj_8LT1wwEMx8,19,Sinh Vien Test 19
eyJhbGciOiJIUzI1NiJ9.eyJzdWIiOiJlMjM1ODlmNi0yNWVlLTQwZmItYTFjOS01ZDMzNWNiNDAxMDQiLCJ1c2VySWQiOiJlMjM1ODlmNi0yNWVlLTQwZmItYTFjOS01ZDMzNWNiNDAxMDQiLCJlbWFpbCI6IjIwQGdtYWlsLmNvbSIsInJvbGUiOiJBVFRFTkRFRSIsImlhdCI6MTc3ODc0ODkxNywiZXhwIjoxNzc4ODM1MzE3fQ.CXnJkYS2UxwfX4xhDF-Hkr-Eu7EPVK8HwGTGtyhofow,20,Sinh Vien Test 20
eyJhbGciOiJIUzI1NiJ9.eyJzdWIiOiJjODQwZDJjYi04NjQzLTQ1M2ItYmZjMy1kNTYyYmFlNzg1ODciLCJ1c2VySWQiOiJjODQwZDJjYi04NjQzLTQ1M2ItYmZjMy1kNTYyYmFlNzg1ODciLCJlbWFpbCI6IjIxQGdtYWlsLmNvbSIsInJvbGUiOiJBVFRFTkRFRSIsImlhdCI6MTc3ODc0ODkxNywiZXhwIjoxNzc4ODM1MzE3fQ.EUdO5ym1z9JdDJufbHJzUsTDwslJ1y3C-J3TKkwHlWk,21,Sinh Vien Test 21
eyJhbGciOiJIUzI1NiJ9.eyJzdWIiOiJlOTI1MWQzOS02YmI2LTRjNDEtODJkYS00M2NiODdlZTU3MDYiLCJ1c2VySWQiOiJlOTI1MWQzOS02YmI2LTRjNDEtODJkYS00M2NiODdlZTU3MDYiLCJlbWFpbCI6IjIyQGdtYWlsLmNvbSIsInJvbGUiOiJBVFRFTkRFRSIsImlhdCI6MTc3ODc0ODkxNywiZXhwIjoxNzc4ODM1MzE3fQ.gYxcZNFqlfjRVtp_CerEV3qTZggiMPTyBZpUmCHdFlE,22,Sinh Vien Test 22
eyJhbGciOiJIUzI1NiJ9.eyJzdWIiOiJhY2QzZjU2OS0yOGMwLTRjYWMtYjk0My1lOTg4NzI2MTRhNmQiLCJ1c2VySWQiOiJhY2QzZjU2OS0yOGMwLTRjYWMtYjk0My1lOTg4NzI2MTRhNmQiLCJlbWFpbCI6IjIzQGdtYWlsLmNvbSIsInJvbGUiOiJBVFRFTkRFRSIsImlhdCI6MTc3ODc0ODkxNywiZXhwIjoxNzc4ODM1MzE3fQ.tTCplOzXArEwkCbsIbDVbArba2z9a6MTOBC3MYA7pi4,23,Sinh Vien Test 23
eyJhbGciOiJIUzI1NiJ9.eyJzdWIiOiJjYmNmMTMzMS1lOTNmLTQ2Y2EtYTBmZC01NmJmYzA0Yjk2OWMiLCJ1c2VySWQiOiJjYmNmMTMzMS1lOTNmLTQ2Y2EtYTBmZC01NmJmYzA0Yjk2OWMiLCJlbWFpbCI6IjI0QGdtYWlsLmNvbSIsInJvbGUiOiJBVFRFTkRFRSIsImlhdCI6MTc3ODc0ODkxNywiZXhwIjoxNzc4ODM1MzE3fQ.54Xv-xTuhPQK9NevphdTjbdaJtm2ZHrXt_TffC6ZrkI,24,Sinh Vien Test 24
eyJhbGciOiJIUzI1NiJ9.eyJzdWIiOiIxZWY0MDk1OC1lNjk3LTRjYWEtYWQ0Yi1mODkyMDFiNTAyN2IiLCJ1c2VySWQiOiIxZWY0MDk1OC1lNjk3LTRjYWEtYWQ0Yi1mODkyMDFiNTAyN2IiLCJlbWFpbCI6IjI1QGdtYWlsLmNvbSIsInJvbGUiOiJBVFRFTkRFRSIsImlhdCI6MTc3ODc0ODkxNywiZXhwIjoxNzc4ODM1MzE3fQ.LeTya_7SGip2zVbJiIpUqD_5DU-ABQOvNG07mOehOrU,25,Sinh Vien Test 25
eyJhbGciOiJIUzI1NiJ9.eyJzdWIiOiI1NjFlMTlmZC0xZGM4LTQ3ZGMtYmUzZi04ZDYwZGZjM2RlZDQiLCJ1c2VySWQiOiI1NjFlMTlmZC0xZGM4LTQ3ZGMtYmUzZi04ZDYwZGZjM2RlZDQiLCJlbWFpbCI6IjI2QGdtYWlsLmNvbSIsInJvbGUiOiJBVFRFTkRFRSIsImlhdCI6MTc3ODc0ODkxNywiZXhwIjoxNzc4ODM1MzE3fQ.jrGr5NM9CpDYXzoXEsuBtygGoNs-8q11o2Jr0obz1aM,26,Sinh Vien Test 26
eyJhbGciOiJIUzI1NiJ9.eyJzdWIiOiJhMjMxNTI1NC1lMzBlLTRmMjMtOTQ1My1iNTZkMzU3MWQwMDYiLCJ1c2VySWQiOiJhMjMxNTI1NC1lMzBlLTRmMjMtOTQ1My1iNTZkMzU3MWQwMDYiLCJlbWFpbCI6IjI3QGdtYWlsLmNvbSIsInJvbGUiOiJBVFRFTkRFRSIsImlhdCI6MTc3ODc0ODkxNywiZXhwIjoxNzc4ODM1MzE3fQ._NC4Ix4ozQerWOgRaEer6f1TyNDJLRXlSc6YB55oztY,27,Sinh Vien Test 27
eyJhbGciOiJIUzI1NiJ9.eyJzdWIiOiI0ZDA4ODk0ZC1jZWE3LTQwODUtYjMxOS1hMTRlNmIzMDllYzciLCJ1c2VySWQiOiI0ZDA4ODk0ZC1jZWE3LTQwODUtYjMxOS1hMTRlNmIzMDllYzciLCJlbWFpbCI6IjI4QGdtYWlsLmNvbSIsInJvbGUiOiJBVFRFTkRFRSIsImlhdCI6MTc3ODc0ODkxNywiZXhwIjoxNzc4ODM1MzE3fQ.DeUlkhzuAkjtLFs4IkjPeB3puQlu6E3r0XTHTCwtbQU,28,Sinh Vien Test 28
eyJhbGciOiJIUzI1NiJ9.eyJzdWIiOiI4YjExMmEzMC0zMDNlLTQxZDgtODczNC00ZGVhZWNiZWQ2ZTciLCJ1c2VySWQiOiI4YjExMmEzMC0zMDNlLTQxZDgtODczNC00ZGVhZWNiZWQ2ZTciLCJlbWFpbCI6IjI5QGdtYWlsLmNvbSIsInJvbGUiOiJBVFRFTkRFRSIsImlhdCI6MTc3ODc0ODkxNywiZXhwIjoxNzc4ODM1MzE3fQ.SztkPjwyFYzrO2bX4TgL5w-wXczaikx9E7z3xfmjPvU,29,Sinh Vien Test 29
eyJhbGciOiJIUzI1NiJ9.eyJzdWIiOiJkOTIxYTMzYy1kNWNhLTQ0MWYtYWYwMy01NmE4ZWVhNTQ0NmUiLCJ1c2VySWQiOiJkOTIxYTMzYy1kNWNhLTQ0MWYtYWYwMy01NmE4ZWVhNTQ0NmUiLCJlbWFpbCI6IjMwQGdtYWlsLmNvbSIsInJvbGUiOiJBVFRFTkRFRSIsImlhdCI6MTc3ODc0ODkxNywiZXhwIjoxNzc4ODM1MzE3fQ.O0ZGSRULoIF-aIx_YOXVK1-Jl2vbeXkaSsv1uzbBrc0,30,Sinh Vien Test 30
eyJhbGciOiJIUzI1NiJ9.eyJzdWIiOiJlZmJlMWIzYS01YzgwLTQ5NTEtOWE2Zi0xM2U2N2I3NTY1MDIiLCJ1c2VySWQiOiJlZmJlMWIzYS01YzgwLTQ5NTEtOWE2Zi0xM2U2N2I3NTY1MDIiLCJlbWFpbCI6IjMxQGdtYWlsLmNvbSIsInJvbGUiOiJBVFRFTkRFRSIsImlhdCI6MTc3ODc0ODkxNywiZXhwIjoxNzc4ODM1MzE3fQ.5_grjwXDaVFyH0G2Bv5YgDlVdC-fx464JHJ2DhNv6rE,31,Sinh Vien Test 31
eyJhbGciOiJIUzI1NiJ9.eyJzdWIiOiI3NThlYjBlYy0wMDQyLTRmYzgtYmFlYi1jMjY5NmJjYjRmODUiLCJ1c2VySWQiOiI3NThlYjBlYy0wMDQyLTRmYzgtYmFlYi1jMjY5NmJjYjRmODUiLCJlbWFpbCI6IjMyQGdtYWlsLmNvbSIsInJvbGUiOiJBVFRFTkRFRSIsImlhdCI6MTc3ODc0ODkxNywiZXhwIjoxNzc4ODM1MzE3fQ.ZsVdFWMFyBgx0DacsQa5B0YOLA_lR_aylUa6uty6OQI,32,Sinh Vien Test 32
eyJhbGciOiJIUzI1NiJ9.eyJzdWIiOiJhZDg3YjM5Yy0zMjU5LTRkMDgtYmE2Ny02N2FjNGUxMGZhNDgiLCJ1c2VySWQiOiJhZDg3YjM5Yy0zMjU5LTRkMDgtYmE2Ny02N2FjNGUxMGZhNDgiLCJlbWFpbCI6IjMzQGdtYWlsLmNvbSIsInJvbGUiOiJBVFRFTkRFRSIsImlhdCI6MTc3ODc0ODkxNywiZXhwIjoxNzc4ODM1MzE3fQ.20mOT-3ISwHRtrPDgBhJW6XxFTgRDALJ4U64PMGiRpQ,33,Sinh Vien Test 33
eyJhbGciOiJIUzI1NiJ9.eyJzdWIiOiIzYzk1M2QxMi0zY2RkLTRlZmMtOGZjMy1kYTEwMzM3NGEzZjciLCJ1c2VySWQiOiIzYzk1M2QxMi0zY2RkLTRlZmMtOGZjMy1kYTEwMzM3NGEzZjciLCJlbWFpbCI6IjM0QGdtYWlsLmNvbSIsInJvbGUiOiJBVFRFTkRFRSIsImlhdCI6MTc3ODc0ODkxNywiZXhwIjoxNzc4ODM1MzE3fQ.D3mYZGHThHKlkDI_ke-oQl9-55bJYhAT-9961X2b8Vc,34,Sinh Vien Test 34
eyJhbGciOiJIUzI1NiJ9.eyJzdWIiOiJjNzBmYWI1Yi0yM2FlLTQ2MGYtODZlOC1hNDE5MWVmMmY0YjEiLCJ1c2VySWQiOiJjNzBmYWI1Yi0yM2FlLTQ2MGYtODZlOC1hNDE5MWVmMmY0YjEiLCJlbWFpbCI6IjM1QGdtYWlsLmNvbSIsInJvbGUiOiJBVFRFTkRFRSIsImlhdCI6MTc3ODc0ODkxNywiZXhwIjoxNzc4ODM1MzE3fQ.VU5uV_bGQxsPcW5Jo_vYMykTp35QeXch8AysJmxihPM,35,Sinh Vien Test 35
eyJhbGciOiJIUzI1NiJ9.eyJzdWIiOiJmYWVmNzk2NS03ZTE4LTQ3ZDktODEwMi1mNzMyYjg1ODhlMGIiLCJ1c2VySWQiOiJmYWVmNzk2NS03ZTE4LTQ3ZDktODEwMi1mNzMyYjg1ODhlMGIiLCJlbWFpbCI6IjM2QGdtYWlsLmNvbSIsInJvbGUiOiJBVFRFTkRFRSIsImlhdCI6MTc3ODc0ODkxNywiZXhwIjoxNzc4ODM1MzE3fQ.-jwW8b7DZJmWL44zFyAb1wXj1mZA_aknc94PIK4JJZM,36,Sinh Vien Test 36
eyJhbGciOiJIUzI1NiJ9.eyJzdWIiOiI5OWIyYmQ5YS05Y2QwLTQyZTUtYmVhYi04MmYzOWQ0NmUxMzQiLCJ1c2VySWQiOiI5OWIyYmQ5YS05Y2QwLTQyZTUtYmVhYi04MmYzOWQ0NmUxMzQiLCJlbWFpbCI6IjM3QGdtYWlsLmNvbSIsInJvbGUiOiJBVFRFTkRFRSIsImlhdCI6MTc3ODc0ODkxNywiZXhwIjoxNzc4ODM1MzE3fQ.Algdqw2AnY4vO9PrjwDUmRHtY1I9Oh1pI41lKgyJk7o,37,Sinh Vien Test 37
eyJhbGciOiJIUzI1NiJ9.eyJzdWIiOiJlODUwODdlOS00NDM4LTQyODctYmM5NC1mYjdiYTIwYjBlMzAiLCJ1c2VySWQiOiJlODUwODdlOS00NDM4LTQyODctYmM5NC1mYjdiYTIwYjBlMzAiLCJlbWFpbCI6IjM4QGdtYWlsLmNvbSIsInJvbGUiOiJBVFRFTkRFRSIsImlhdCI6MTc3ODc0ODkxNywiZXhwIjoxNzc4ODM1MzE3fQ.XQgALE-_WqwqdN3Vqm6x6jNqDsvfP4OIVx9Ap-cD4Mk,38,Sinh Vien Test 38
eyJhbGciOiJIUzI1NiJ9.eyJzdWIiOiJiYWZmZDFhYS00MWFiLTQ3MDUtODY4Ny04YjBmZDZlNjY3MDciLCJ1c2VySWQiOiJiYWZmZDFhYS00MWFiLTQ3MDUtODY4Ny04YjBmZDZlNjY3MDciLCJlbWFpbCI6IjM5QGdtYWlsLmNvbSIsInJvbGUiOiJBVFRFTkRFRSIsImlhdCI6MTc3ODc0ODkxNywiZXhwIjoxNzc4ODM1MzE3fQ.eiYWBux4UF5tbQaRCHI-cQG8pP6l_EyF6o40twYdSg8,39,Sinh Vien Test 39
eyJhbGciOiJIUzI1NiJ9.eyJzdWIiOiIyYzFhMGQwNS0zMWYyLTRkZmYtOGJiNS03NDExY2I0YmU1YmIiLCJ1c2VySWQiOiIyYzFhMGQwNS0zMWYyLTRkZmYtOGJiNS03NDExY2I0YmU1YmIiLCJlbWFpbCI6IjQwQGdtYWlsLmNvbSIsInJvbGUiOiJBVFRFTkRFRSIsImlhdCI6MTc3ODc0ODkxNywiZXhwIjoxNzc4ODM1MzE3fQ.TUmH3hYofbeeF5GAPLW-DC4N5soI4idIyKz3-_qMDBE,40,Sinh Vien Test 40
eyJhbGciOiJIUzI1NiJ9.eyJzdWIiOiJmNGZiNWM5ZC02NmM0LTRhMDYtYjI0MS1jNGI1MTkwNmMyMzkiLCJ1c2VySWQiOiJmNGZiNWM5ZC02NmM0LTRhMDYtYjI0MS1jNGI1MTkwNmMyMzkiLCJlbWFpbCI6IjQxQGdtYWlsLmNvbSIsInJvbGUiOiJBVFRFTkRFRSIsImlhdCI6MTc3ODc0ODkxNywiZXhwIjoxNzc4ODM1MzE3fQ.Ph-7DjcQfcO3IsV03ztFt930GKZ7gzR2RxlkLtOJdls,41,Sinh Vien Test 41
eyJhbGciOiJIUzI1NiJ9.eyJzdWIiOiJmNzQyZTc1My0wZWNjLTRiYmItYTViOC1iMzRjNzUxYTNiM2MiLCJ1c2VySWQiOiJmNzQyZTc1My0wZWNjLTRiYmItYTViOC1iMzRjNzUxYTNiM2MiLCJlbWFpbCI6IjQyQGdtYWlsLmNvbSIsInJvbGUiOiJBVFRFTkRFRSIsImlhdCI6MTc3ODc0ODkxNywiZXhwIjoxNzc4ODM1MzE3fQ.QtIM6p12su4LoCqa3hB__G4iCDFPaTOaQ6Mf3J-tBsU,42,Sinh Vien Test 42
eyJhbGciOiJIUzI1NiJ9.eyJzdWIiOiJhMDQwZjg3Zi1kNTU2LTQ1MGEtYjM3My0wMTg1YzJhNjRlMzUiLCJ1c2VySWQiOiJhMDQwZjg3Zi1kNTU2LTQ1MGEtYjM3My0wMTg1YzJhNjRlMzUiLCJlbWFpbCI6IjQzQGdtYWlsLmNvbSIsInJvbGUiOiJBVFRFTkRFRSIsImlhdCI6MTc3ODc0ODkxNywiZXhwIjoxNzc4ODM1MzE3fQ.TPMkvWmMu7yuf_yanvMmT3u6A58b0n6wiFKBj-IwOj4,43,Sinh Vien Test 43
eyJhbGciOiJIUzI1NiJ9.eyJzdWIiOiI1NzVjYTYwYS1kNzI1LTRiZjMtYWUyMC04ZDBmYjVjMmJmZDEiLCJ1c2VySWQiOiI1NzVjYTYwYS1kNzI1LTRiZjMtYWUyMC04ZDBmYjVjMmJmZDEiLCJlbWFpbCI6IjQ0QGdtYWlsLmNvbSIsInJvbGUiOiJBVFRFTkRFRSIsImlhdCI6MTc3ODc0ODkxNywiZXhwIjoxNzc4ODM1MzE3fQ.K5bT8A8SdYXl0kgXW0p0s0l4dTRnIYYQivbceXttJ3I,44,Sinh Vien Test 44
eyJhbGciOiJIUzI1NiJ9.eyJzdWIiOiI3NjgxMWY5Yi05YmUyLTRkZDItYjZiNy01NGM1ZjMwNTBiOTMiLCJ1c2VySWQiOiI3NjgxMWY5Yi05YmUyLTRkZDItYjZiNy01NGM1ZjMwNTBiOTMiLCJlbWFpbCI6IjQ1QGdtYWlsLmNvbSIsInJvbGUiOiJBVFRFTkRFRSIsImlhdCI6MTc3ODc0ODkxNywiZXhwIjoxNzc4ODM1MzE3fQ.ZCfPtlZFKyWGN-AYb__3x7TG3uZbwvNjvXLNqiNu9S4,45,Sinh Vien Test 45
eyJhbGciOiJIUzI1NiJ9.eyJzdWIiOiI1ZDk5MzI2NC04MTljLTQ0ZDgtODgzMS0wOTI0ODI2M2YwMmMiLCJ1c2VySWQiOiI1ZDk5MzI2NC04MTljLTQ0ZDgtODgzMS0wOTI0ODI2M2YwMmMiLCJlbWFpbCI6IjQ2QGdtYWlsLmNvbSIsInJvbGUiOiJBVFRFTkRFRSIsImlhdCI6MTc3ODc0ODkxNywiZXhwIjoxNzc4ODM1MzE3fQ.CLBGlApYz5COcMoZhhO2ENe_L3DSJIRlP5CiVDS84hc,46,Sinh Vien Test 46
eyJhbGciOiJIUzI1NiJ9.eyJzdWIiOiJhMjk2MTFjMS1kNzZkLTQ1ZmEtYmY3My01MzJiY2UwZWJiZTciLCJ1c2VySWQiOiJhMjk2MTFjMS1kNzZkLTQ1ZmEtYmY3My01MzJiY2UwZWJiZTciLCJlbWFpbCI6IjQ3QGdtYWlsLmNvbSIsInJvbGUiOiJBVFRFTkRFRSIsImlhdCI6MTc3ODc0ODkxNywiZXhwIjoxNzc4ODM1MzE3fQ.ito2dBuhPMs7tHoCpA2U9EfM7Gu391FPUkG7qgAR-EM,47,Sinh Vien Test 47
eyJhbGciOiJIUzI1NiJ9.eyJzdWIiOiIzODI2ZTQyNC1hZDdkLTQwM2YtYWZkZS1jODRiZjNiYjkzYzMiLCJ1c2VySWQiOiIzODI2ZTQyNC1hZDdkLTQwM2YtYWZkZS1jODRiZjNiYjkzYzMiLCJlbWFpbCI6IjQ4QGdtYWlsLmNvbSIsInJvbGUiOiJBVFRFTkRFRSIsImlhdCI6MTc3ODc0ODkxNywiZXhwIjoxNzc4ODM1MzE3fQ.h-NEcLiMI8yt9V86ijeed-WJrn3wIZcl_kPfUKSalNc,48,Sinh Vien Test 48
eyJhbGciOiJIUzI1NiJ9.eyJzdWIiOiIyNDUyNmE3Ny1iYWQ3LTQyYjEtODA2ZC1iZjNkYWVhMzAzZWUiLCJ1c2VySWQiOiIyNDUyNmE3Ny1iYWQ3LTQyYjEtODA2ZC1iZjNkYWVhMzAzZWUiLCJlbWFpbCI6IjQ5QGdtYWlsLmNvbSIsInJvbGUiOiJBVFRFTkRFRSIsImlhdCI6MTc3ODc0ODkxNywiZXhwIjoxNzc4ODM1MzE3fQ.r2D3NzHmLlGHvBGq0YFDWEO3X9ai7Cdpw20KkdrAcuM,49,Sinh Vien Test 49
eyJhbGciOiJIUzI1NiJ9.eyJzdWIiOiI4YWUzZDczYy04YmI5LTQ4N2ItODUyZi0yNjA5ODY3MTQyYTUiLCJ1c2VySWQiOiI4YWUzZDczYy04YmI5LTQ4N2ItODUyZi0yNjA5ODY3MTQyYTUiLCJlbWFpbCI6IjUwQGdtYWlsLmNvbSIsInJvbGUiOiJBVFRFTkRFRSIsImlhdCI6MTc3ODc0ODkxNywiZXhwIjoxNzc4ODM1MzE3fQ.zA-64Miw0ADF6GmDjVHN_a_pwzIkR0TCCwUiPkwS8cU,50,Sinh Vien Test 50
eyJhbGciOiJIUzI1NiJ9.eyJzdWIiOiI5MzliODFkNi02NDRkLTRhZjAtYWIwNS00NDFlZDMxY2ZmNGQiLCJ1c2VySWQiOiI5MzliODFkNi02NDRkLTRhZjAtYWIwNS00NDFlZDMxY2ZmNGQiLCJlbWFpbCI6IjUxQGdtYWlsLmNvbSIsInJvbGUiOiJBVFRFTkRFRSIsImlhdCI6MTc3ODc0ODkxNywiZXhwIjoxNzc4ODM1MzE3fQ.vWM92n0jctjdKr7MXqpp5U67Ws540rpO7LhrXAbNSl8,51,Sinh Vien Test 51
eyJhbGciOiJIUzI1NiJ9.eyJzdWIiOiJiZTk0YWZhYy0zMmZlLTQyMjMtYmNmOS03NzQxYzVhNDA4OTQiLCJ1c2VySWQiOiJiZTk0YWZhYy0zMmZlLTQyMjMtYmNmOS03NzQxYzVhNDA4OTQiLCJlbWFpbCI6IjUyQGdtYWlsLmNvbSIsInJvbGUiOiJBVFRFTkRFRSIsImlhdCI6MTc3ODc0ODkxNywiZXhwIjoxNzc4ODM1MzE3fQ.-k64GwVwaBIfVVdcTe-bxopVLz2crKjxSzjgl1Xi6uE,52,Sinh Vien Test 52
eyJhbGciOiJIUzI1NiJ9.eyJzdWIiOiJkNGMyYzA0Zi01NDdjLTRkN2ItODlkYS1kZDEzM2JmZDk1YTEiLCJ1c2VySWQiOiJkNGMyYzA0Zi01NDdjLTRkN2ItODlkYS1kZDEzM2JmZDk1YTEiLCJlbWFpbCI6IjUzQGdtYWlsLmNvbSIsInJvbGUiOiJBVFRFTkRFRSIsImlhdCI6MTc3ODc0ODkxNywiZXhwIjoxNzc4ODM1MzE3fQ.x4qip2JTRbBNYWm8r1C0TUXOUnpvemrIcn6bgK8Qo40,53,Sinh Vien Test 53
eyJhbGciOiJIUzI1NiJ9.eyJzdWIiOiI2ODczYWYwNy0zZjk3LTQyNzktYmJhYS0yNmVkZjNlNjM1OGYiLCJ1c2VySWQiOiI2ODczYWYwNy0zZjk3LTQyNzktYmJhYS0yNmVkZjNlNjM1OGYiLCJlbWFpbCI6IjU0QGdtYWlsLmNvbSIsInJvbGUiOiJBVFRFTkRFRSIsImlhdCI6MTc3ODc0ODkxNywiZXhwIjoxNzc4ODM1MzE3fQ.GCbIEiu2Kqv_LaCYIiA2LanFAH33WugLPkv27sGZsdQ,54,Sinh Vien Test 54
eyJhbGciOiJIUzI1NiJ9.eyJzdWIiOiJjYjc0MDJkMC1lMzY1LTQxMDUtYjQwOS02MjA2NjdjNjZlNjEiLCJ1c2VySWQiOiJjYjc0MDJkMC1lMzY1LTQxMDUtYjQwOS02MjA2NjdjNjZlNjEiLCJlbWFpbCI6IjU1QGdtYWlsLmNvbSIsInJvbGUiOiJBVFRFTkRFRSIsImlhdCI6MTc3ODc0ODkxNywiZXhwIjoxNzc4ODM1MzE3fQ.LLE9ge5C0Zj-8zh2_D1onVRwHUbEBnGhUPo3DUlc4Ek,55,Sinh Vien Test 55
eyJhbGciOiJIUzI1NiJ9.eyJzdWIiOiJhNjZhMDM4NS1hNjliLTQxZGEtYjdmZC03MjQ0YjQ4OWQ3NzYiLCJ1c2VySWQiOiJhNjZhMDM4NS1hNjliLTQxZGEtYjdmZC03MjQ0YjQ4OWQ3NzYiLCJlbWFpbCI6IjU2QGdtYWlsLmNvbSIsInJvbGUiOiJBVFRFTkRFRSIsImlhdCI6MTc3ODc0ODkxNywiZXhwIjoxNzc4ODM1MzE3fQ.PrA-JXrucFlEyH6Nrou1Lw1BCyQj2byOQ1sGz5SJMAs,56,Sinh Vien Test 56
eyJhbGciOiJIUzI1NiJ9.eyJzdWIiOiI1OGJiNjYyZi1mZWI3LTQxNWQtOTBiZi03Zjk5MmI3NjE5OWUiLCJ1c2VySWQiOiI1OGJiNjYyZi1mZWI3LTQxNWQtOTBiZi03Zjk5MmI3NjE5OWUiLCJlbWFpbCI6IjU3QGdtYWlsLmNvbSIsInJvbGUiOiJBVFRFTkRFRSIsImlhdCI6MTc3ODc0ODkxNywiZXhwIjoxNzc4ODM1MzE3fQ.ZtpeecAD9Hyo_k0nydnS-4Q1PklduSSrCXLtPinqCuc,57,Sinh Vien Test 57
eyJhbGciOiJIUzI1NiJ9.eyJzdWIiOiJiZjdmYTBjMS1kZGExLTQ1ZWMtYTRkMi0xOTUyZTMyMzhiMzYiLCJ1c2VySWQiOiJiZjdmYTBjMS1kZGExLTQ1ZWMtYTRkMi0xOTUyZTMyMzhiMzYiLCJlbWFpbCI6IjU4QGdtYWlsLmNvbSIsInJvbGUiOiJBVFRFTkRFRSIsImlhdCI6MTc3ODc0ODkxNywiZXhwIjoxNzc4ODM1MzE3fQ.iNKrQqgkuY6eJfFXkE_LOjMTM1wR2gGOS6FLspyxoZg,58,Sinh Vien Test 58
eyJhbGciOiJIUzI1NiJ9.eyJzdWIiOiJjODllODZjMS01ZDYzLTQ3ZGYtODQzMC1iMTdmZjBhZGI3MTEiLCJ1c2VySWQiOiJjODllODZjMS01ZDYzLTQ3ZGYtODQzMC1iMTdmZjBhZGI3MTEiLCJlbWFpbCI6IjU5QGdtYWlsLmNvbSIsInJvbGUiOiJBVFRFTkRFRSIsImlhdCI6MTc3ODc0ODkxNywiZXhwIjoxNzc4ODM1MzE3fQ.Cra62QlNyuSAKUZvnhA-_148bAWUq-_X_JKmQQWZVWE,59,Sinh Vien Test 59
eyJhbGciOiJIUzI1NiJ9.eyJzdWIiOiIwMThjODQwZi1mZjY1LTQ2NTQtYmE5OC02NDZhZjc1OTU5ZTIiLCJ1c2VySWQiOiIwMThjODQwZi1mZjY1LTQ2NTQtYmE5OC02NDZhZjc1OTU5ZTIiLCJlbWFpbCI6IjYwQGdtYWlsLmNvbSIsInJvbGUiOiJBVFRFTkRFRSIsImlhdCI6MTc3ODc0ODkxNywiZXhwIjoxNzc4ODM1MzE3fQ.01mSMkuahJmKrMsElLRItz9giZ2G0QvK5sFNdyV2yss,60,Sinh Vien Test 60
eyJhbGciOiJIUzI1NiJ9.eyJzdWIiOiI0ZGExOTJkMy0yMzgxLTRiYTUtODVjZi0yNDcwYWMwZmYzNmUiLCJ1c2VySWQiOiI0ZGExOTJkMy0yMzgxLTRiYTUtODVjZi0yNDcwYWMwZmYzNmUiLCJlbWFpbCI6IjEyM0BnbWFpbC5jb20iLCJyb2xlIjoiQVRURU5ERUUiLCJpYXQiOjE3Nzg3NDg5MTcsImV4cCI6MTc3ODgzNTMxN30.UAbVwwLJIIjlDfvGAqF_TNrG2Bp6ac7q98sRiMjgErY,123,Tri Do
eyJhbGciOiJIUzI1NiJ9.eyJzdWIiOiIyNWJhYTVhZS1hOTNkLTQ1ZmEtYWJjNy1lMmY2YmIwNTA2OGEiLCJ1c2VySWQiOiIyNWJhYTVhZS1hOTNkLTQ1ZmEtYWJjNy1lMmY2YmIwNTA2OGEiLCJlbWFpbCI6IjU2NEBnbWFpbC5jb20iLCJyb2xlIjoiQVRURU5ERUUiLCJpYXQiOjE3Nzg3NDg5MTcsImV4cCI6MTc3ODgzNTMxN30.WddTUomZLjofeDrPfbCvdcp5kIGCa4eKDDnpizy_L7M,564,Luan
